{"cameraMode":{"drawMode":0,"name":"Shaded","section":"Shading Mode"},"sceneLighting":false,"audioPlay":false,"sceneViewState":{"m_AlwaysRefresh":false,"showFog":false,"showSkybox":false,"showFlares":false,"showImageEffects":false,"showParticleSystems":false,"showVisualEffectGraphs":true,"m_FxEnabled":true},"in2DMode":false,"pivot":{"x":-0.0060036201030015949,"y":1.037445068359375,"z":0.11282467842102051},"rotation":{"x":-0.26847347617149355,"y":0.00683478033170104,"z":-0.0019237627275288106,"w":-0.9632852077484131},"size":0.8381389379501343,"orthographic":false}